memory,timestamp
929337344,2022-09-14T01:11:49+01:00
929411072,2022-09-14T01:11:54+01:00
929443840,2022-09-14T01:11:59+01:00
929484800,2022-09-14T01:12:04+01:00
929492992,2022-09-14T01:12:09+01:00
929509376,2022-09-14T01:12:14+01:00
929533952,2022-09-14T01:12:19+01:00
929550336,2022-09-14T01:12:24+01:00
929562624,2022-09-14T01:12:29+01:00
929595392,2022-09-14T01:12:34+01:00
929619968,2022-09-14T01:12:39+01:00
929632256,2022-09-14T01:12:44+01:00
929873920,2022-09-14T01:12:49+01:00
929931264,2022-09-14T01:12:54+01:00
930013184,2022-09-14T01:12:59+01:00
930041856,2022-09-14T01:13:04+01:00
930168832,2022-09-14T01:13:09+01:00
930226176,2022-09-14T01:13:14+01:00
930242560,2022-09-14T01:13:19+01:00
930242560,2022-09-14T01:13:24+01:00
930275328,2022-09-14T01:13:29+01:00
930287616,2022-09-14T01:13:34+01:00
930287616,2022-09-14T01:13:39+01:00
930295808,2022-09-14T01:13:44+01:00
930320384,2022-09-14T01:13:49+01:00

